"est","se","lower","upper","algorithm"
22.1860439026808,2.30622941703193,17.6099843991588,26.7621034062028,"Inverse Distance Weighting"
