"est","se","lower","upper","algorithm"
22.3740547878565,1.82524099250012,18.7523806698073,25.9957289059056,"Nearest Neighbours"
