"est","se","lower","upper","algorithm"
25.3631676283467,2.35710205720964,20.6861657698121,30.0401694868813,"Random Forest"
