"est","se","lower","upper","algorithm"
23.2077232210602,2.45686757245978,18.3327649359826,28.0826815061379,"Universal Kriging"
